<?xml version="1.0" encoding="UTF-8"?>
<!--
    Copyright 2018 The MIT Internet Trust Consortium
   
    Licensed under the Apache License, Version 2.0 (the "License");
    you may not use this file except in compliance with the License.
    You may obtain a copy of the License at
   
      http://www.apache.org/licenses/LICENSE-2.0
   
    Unless required by applicable law or agreed to in writing, software
    distributed under the License is distributed on an "AS IS" BASIS,
    WITHOUT WARRANTIES OR CONDITIONS OF ANY KIND, either express or implied.
    See the License for the specific language governing permissions and
    limitations under the License.
 -->
<beans xmlns="http://www.springframework.org/schema/beans"
	xmlns:mvc="http://www.springframework.org/schema/mvc"
	xmlns:xsi="http://www.w3.org/2001/XMLSchema-instance"
	xmlns:tx="http://www.springframework.org/schema/tx"
	xmlns:context="http://www.springframework.org/schema/context"
	xmlns:security="http://www.springframework.org/schema/security"
	xmlns:oauth="http://www.springframework.org/schema/security/oauth2"
	xsi:schemaLocation="http://www.springframework.org/schema/security/oauth2 http://www.springframework.org/schema/security/spring-security-oauth2-2.0.xsd
		http://www.springframework.org/schema/mvc http://www.springframework.org/schema/mvc/spring-mvc-4.3.xsd
		http://www.springframework.org/schema/security http://www.springframework.org/schema/security/spring-security-4.2.xsd
		http://www.springframework.org/schema/beans http://www.springframework.org/schema/beans/spring-beans-4.3.xsd
		http://www.springframework.org/schema/tx http://www.springframework.org/schema/tx/spring-tx-4.3.xsd
		http://www.springframework.org/schema/context http://www.springframework.org/schema/context/spring-context-4.3.xsd">

	<!-- validate incoming tokens for JWT assertions -->
	<bean id="jwtAssertionValidator" class="org.mitre.jwt.assertion.impl.NullAssertionValidator" />

	<!-- translate incoming assertions to token authorization objects -->
	<bean id="jwtAssertionTokenFactory" class="org.mitre.oauth2.assertion.impl.DirectCopyRequestFactory" />

	<!-- validate client software statements for dynamic registration -->
<!-- 	<bean id="clientAssertionValidator" class="org.mitre.jwt.assertion.impl.NullAssertionValidator" /> -->
	
	<!-- this class will pass assertions signed by the issuers and keys in the whitelist -->
	<bean id="clientAssertionValidator" class="org.mitre.jwt.assertion.impl.WhitelistedIssuerAssertionValidator">
		<property name="whitelist">
			<map>
				<entry key="http://artemesia.local" value="http://localhost:8080/openid-connect-server-webapp/jwk" />
			</map>
		</property>
	</bean>


</beans>